USE PLA;
INSERT INTO geo(GEO_ID,PARENT_GEO_ID,GEO_TYPE,GEO_DESCRIPTION)
VALUES("PR-LUS",null,"PROVINCE","Lusaka"),("PR-COP",null,"PROVINCE","Copperbelt"),("PR-LUA",null,"PROVINCE","Luapula"),
("PR-SOU",null,"PROVINCE","Southern"),("PR-NOR",null,"PROVINCE","Northern"),("PR-CEN",null,"PROVINCE","Central"),
("PR-EAS",null,"PROVINCE","Eastern"),("PR-WES",null,"PROVINCE","Western"),("PR-NORW",null,"PROVINCE","North Western"),("PR-MUCHI",null,"PROVINCE","Muchinga"),
("CI-LUS","PR-LUS","CITY","Lusaka"),("CI-CHI","PR-LUS","CITY","Chilanga"),("CI-KAF","PR-LUS","CITY","Kafue"),("CI-NAM","PR-LUS","CITY","Namalundu"),("CI-CHIS","PR-LUS","CITY","Chisamba"),("CI-CHO","PR-LUS","CITY","Chongwe"),("CI-NAMP","PR-LUS","CITY","Nampundwe"),
("CI-MUM","PR-LUS","CITY","Mumbwa"),("CI-LUA","PR-LUS","CITY","Luangwa"),("CI-SIA","PR-LUS","CITY","Siavonga"),("CI-CHIR","PR-LUS","CITY","Chirundu"),
("CI-KIT","PR-COP","CITY","Kitwe"),("CI-CHIN","PR-COP","CITY","Chingola"),("CI-CHIL","PR-COP","CITY","Chililabombwe"),("CI-MUF","PR-COP","CITY","Mufulira"),("CI-LUAN","PR-COP","CITY","Luanshya"),("CI-NDO","PR-COP","CITY","Ndola"),("CI-ITI","PR-COP","CITY","Itimpi"),
("CI-CHA","PR-COP","CITY","Chambeshi"),("CI-KAL","PR-COP","CITY","Kalulushi"),("CI-MAS","PR-COP","CITY","Masaiti"),("CI-MPO","PR-COP","CITY","Mpongwe"),
("CI-MAN","PR-LUA","CITY","Mansa"),("CI-SAM","PR-LUA","CITY","Samfya"),("CI-KAW","PR-LUA","CITY","Kawambwa"),("CI-MWA","PR-LUA","CITY","Mwansabombwe"),
("CI-MWE","PR-LUA","CITY","Mwense"),("CI-NCH","PR-LUA","CITY","Nchelenge"),
("CI-LIV","PR-SOU","CITY","Livingstone"),("CI-SES","PR-SOU","CITY","Sesheke"),("CI-CHOM","PR-SOU","CITY","Choma"),("CI-MAZ","PR-SOU","CITY","Mazabuka"),("CI-GWE","PR-SOU","CITY","Gwembe"),("CI-PEM","PR-SOU","CITY","Pemba"),
("CI-MON","PR-SOU","CITY","Monze"),("CI-NAMW","PR-SOU","CITY","Namwala"),("CI-ITE","PR-SOU","CITY","Itezhi - tezhi"),("CI-KALO","PR-SOU","CITY","Kalomo"),("CI-MAA","PR-SOU","CITY","Maamba"),("CI-SIN","PR-SOU","CITY","Sinazongwe"),
("CI-KAS","PR-NOR","CITY","Kasama"),("CI-LUW","PR-NOR","CITY","Luwingu"),("CI-MUN","PR-NOR","CITY","Mungwi"),("CI-MPI","PR-NOR","CITY","Mpika"),("CI-MBA","PR-NOR","CITY","Mbala"),("CI-MPU","PR-NOR","CITY","Mpulungu"),
("CI-ISO","PR-NOR","CITY","Isoka"),("CI-CHINS","PR-NOR","CITY","Chinsali"),("CI-NAK","PR-NOR","CITY","Nakonde"),("CI-MPOR","PR-NOR","CITY","Mporokoso"),("CI-KAP","PR-NOR","CITY","Kaputa"),
("CI-KAB","PR-CEN","CITY","Kabwe"),("CI-KAPI","PR-CEN","CITY","Kapiri Mposhi"),("CI-CHIB","PR-CEN","CITY","Chibombo"),("CI-MKU","PR-CEN","CITY","Mkushi"),("CI-SER","PR-CEN","CITY","Serenje"),
("CI-CHIP","PR-EAS","CITY","Chipata"),("CI-MFU","PR-EAS","CITY","Mfuwe"),("CI-CHAD","PR-EAS","CITY","Chadiza"),("CI-KAT","PR-EAS","CITY","Katete"),
("CI-SIND","PR-EAS","CITY","Sinda"),("CI-LUN","PR-EAS","CITY","Lundazi"),("CI-CHAM","PR-EAS","CITY","Chama"),("CI-PET","PR-EAS","CITY","Petauke"),("CI-NYI","PR-EAS","CITY","Nyimba"),
("CI-MONG","PR-WES","CITY","Mongu"),("CI-SEN","PR-WES","CITY","Senanga"),("CI-KALA","PR-WES","CITY","Kalabo"),("CI-LUK","PR-WES","CITY","Lukulu"),("CI-KAO","PR-WES","CITY","Kaoma"),
("CI-MUFU","PR-NORW","CITY","Mufumbwe"),("CI-SOL","PR-NORW","CITY","Solwezi"),("CI-KASE","PR-NORW","CITY","Kasempa"),("CI-MWI","PR-NORW","CITY","Mwinilunga"),("CI-ZAM","PR-NORW","CITY","Zambezi"),("CI-KABO","PR-NORW","CITY","Kabompo"),
("CI-LUM","PR-NORW","CITY","Lumwana"),("CI-CAI","PR-LUS","CITY","Cairo Road"),("CI-MPIK","PR-MUCHI","CITY","Mpika"),("CI-CHINSA","PR-MUCHI","CITY","Chinsali"),
("CI-NAKO","PR-MUCHI","CITY","Nakonde"),("CI-ISOK","PR-MUCHI","CITY","Isoka"),
("CI-MAF","PR-MUCHI","CITY","Mafinga"),("CI-SHI","PR-MUCHI","CITY","Shiwangandu"),
("CI-CHAMA","PR-MUCHI","CITY","Chama");

INSERT INTO bank_name(BANK_CODE,BANK_NAME)
VALUES("ABB","AB BANK ZAMBIA LTD."),
("ACC","ACCESS BANK ZAMBIA LIMITED"),
("AFR","AFRICAN BANKING CORPORATION ZAMBIA"),
("AFRC","AFRICAN COMMERCIAL BANK LTD"),
("BAN","BANK OF CHINA (ZAMBIA) LTD"),
("BANZ","BANK OF ZAMBIA"),
("BAR","BARCLAYS BANK  ZAMBIA PLC"),
("CAV","CAVMONT BANK LIMITED"),
("CIT","CITIBANK ZAMBIA LTD"),
("DEV","DEVELOPMENT BANK OF ZAMBIA"),
("ECO","ECOBANK ZAMBIA LIMITED"),
("FIN","FINANCE BANK ZAMBIA LIMITED"),
("FIR","FIRST ALLIANCE BANK ZAMBIA LIMITED"),
("FIRN","FIRST NATIONAL BANK OF ZAMBIA LIMITED"),
("FXA","FX AFRICA"),
("IND","INDO ZAMBIA BANK LIMITED"),
("INT","INTERMARKET BANK"),
("INTC","INTERNATIONAL COMMERCIAL BANK"),
("INV","INVESTRUST BANK PLC"),
("LUS","LUSAKA STOCK EXCHANGE"),
("LUSE","LUSE CENTRAL SHARES DEPOSITORY LIMITED"),
("MAN","MANIFOLD INVESTMENT BANK LIMITED"),
("MER","MERIDIEN BIAO ZAMBIA LIMITED"),
("NAT","NATIONAL SAVINGS AND CREDIT BANK OF ZAMBIA"),
("NEW","NEW CAPITAL BANK PLC"),
("PAN","PANGAEA/EMI SECURITIES LIMITED"),
("STA","STANBIC BANK ZAMBIA LTD."),
("STAC","STANDARD CHARTERED BANK ZAMBIA Plc"),
("UNI","UNITED BANK FOR AFRICA ZAMBIA LIMITED"),
("ZAM","ZAMBIA EXPORT AND IMPORT BANK LIMITED"),
("ZAMN","ZAMBIA NATIONAL COMMERCIAL BANK Plc");



INSERT INTO bank_branch(BANK_CODE,BRANCH,SORT_CODE)
VALUES("ABB","AB BANK ZAMBIA LTD.","ABBAZML1XXX"),
("ABB","AB BANK ZAMBIA LTD.","ABBAZML1"),
("ACC","ACCESS BANK ZAMBIA ARCADES","350003"),
("ACC","ACCESS BANK ZAMBIA HEAD OFFICE","350000"),
("ACC","ACCESS BANK ZAMBIA LIMITED","350002"),
("ACC","ACCESS BANK ZAMBIA LIMITED","AZAMZMLU"),
("ACC","ACCESS BANK ZAMBIA LIMITED","AZAMZMLUXXX"),
("ACC","ACCESS BANK ZAMBIA NORTHEND","350001"),
("AFR","AFRICAN BANKING CORP HEAD OFFICE","200000"),
("AFR","AFRICAN BANKING CORP PYRAMID PLAZA","200001"),
("AFR","AFRICAN BANKING CORPORATION ZAMBIA","FMBZZMLXXXX"),
("AFR","AFRICAN BANKING CORPORATION ZAMBIA","FMBZZMLX"),
("AFRC","AFRICAN COMMERCIAL BANK LTD","ACBKZML1XXX"),
("AFRC","AFRICAN COMMERCIAL BANK LTD","ACBKZML1"),
("BAN","BANK OF CHINA (ZAMBIA) LTD","BKCHZMLUXXX"),
("BAN","BANK OF CHINA (ZAMBIA) LTD","BKCHZMLU"),
("BAN","BANK OF CHINA LUSAKA","190001"),
("BANZ","BANK OF ZAMBIA","70333"),
("BANZ","BANK OF ZAMBIA","BAZAZMLUXXX"),
("BANZ","BANK OF ZAMBIA","BAZAZMLU"),
("BANZ","BANK OF ZAMBIA","BAZAZMLUASA"),
("BANZ","BANK OF ZAMBIA LUSAKA","1"),
("BANZ","BANK OF ZAMBIA NDOLA","102"),
("BAR","BARCLAYS BANK PLC ZAMBIA","52733"),
("BAR","BARCLAYS BANK PLC ZAMBIA","BARCZMLX"),
("BAR","BARCLAYS BANK PLC ZAMBIA","BARCZMLXKPC"),
("BAR","BARCLAYS BANK PLC ZAMBIA","BARCZMLXXXX"),
("BAR","BARCLAYS CHAMBISHI","25247"),
("BAR","BARCLAYS CHELSTONE AND AIRPORT","20036"),
("BAR","BARCLAYS CHILENJE","20018"),
("BAR","BARCLAYS CHILILABOMBWE","20453"),
("BAR","BARCLAYS CHINGOLA AND PRESTIGE","20303"),
("BAR","BARCLAYS CHIPATA","21104"),
("BAR","BARCLAYS CHIRUNDU","23542"),
("BAR","BARCLAYS CHOMA","21205"),
("BAR","BARCLAYS CHONGWE","24637"),
("BAR","BARCLAYS ELUNDA PRE. BANKIN CEN","20055"),
("BAR","BARCLAYS HEAD OFFICE","20001"),
("BAR","BARCLAYS HQ ELUNDA","20002"),
("BAR","BARCLAYS KABWATA","20043"),
("BAR","BARCLAYS KABWE","20906"),
("BAR","BARCLAYS KAFUE","23407"),
("BAR","BARCLAYS KALOMO","24127"),
("BAR","BARCLAYS KALULUSHI","20648"),
("BAR","BARCLAYS KAPIRI MPOSHI","22411"),
("BAR","BARCLAYS KASAMA","20832"),
("BAR","BARCLAYS KATETE","24928"),
("BAR","BARCLAYS KITWE BUSINESS CENTRE","20209"),
("BAR","BARCLAYS KITWE CHIMWEMWE","20210"),
("BAR","BARCLAYS KITWE OPC","20252"),
("BAR","BARCLAYS LIVINGSTONE","21012"),
("BAR","BARCLAYS LUANSHYA","20713"),
("BAR","BARCLAYS LUNDAZI","22531"),
("BAR","BARCLAYS LUSAKA BUSINESS CENTRE","20016"),
("BAR","BARCLAYS LUSAKA CHAWAMA","20044"),
("BAR","BARCLAYS LUSAKA INDUSTRIAL","20019"),
("BAR","BARCLAYS LUSAKA KABELENGA","20054"),
("BAR","BARCLAYS LUSAKA KAMWALA","20008"),
("BAR","BARCLAYS LUSAKA LONGACRES","20017"),
("BAR","BARCLAYS LUSAKA MATERO","20015"),
("BAR","BARCLAYS LUSAKA NORTHEND","20014"),
("BAR","BARCLAYS LUSAKA OPC","20050"),
("BAR","BARCLAYS LUSAKA SOWETO","20033"),
("BAR","BARCLAYS MANDA HILL","20049"),
("BAR","BARCLAYS MANSA","21920"),
("BAR","BARCLAYS MAZABUKA","23621"),
("BAR","BARCLAYS MBALA","21451"),
("BAR","BARCLAYS MFUWE","22622"),
("BAR","BARCLAYS MONGU","23135"),
("BAR","BARCLAYS MONZE","23724"),
("BAR","BARCLAYS MPIKA","21845"),
("BAR","BARCLAYS MUFULIRA","20523"),
("BAR","BARCLAYS MUKUSHI","22338"),
("BAR","BARCLAYS MUMBWA","25334"),
("BAR","BARCLAYS NAKONDE","21540"),
("BAR","BARCLAYS NDOLA BUSINESS CENTRE","20125"),
("BAR","BARCLAYS NDOLA MASALA","20146"),
("BAR","BARCLAYS NDOLA OPS PROC. CENTR","20139"),
("BAR","BARCLAYS PARKLANDS KITWE","20241"),
("BAR","BARCLAYS PETAUKE","24330"),
("BAR","BARCLAYS SOLWEZI","22829"),
("BAR","BARCLAYS UNZA","20026"),
("CAV","CAVMONT CAPITAL BANK KASAMA","130813"),
("CAV","CAVMONT CAPITAL CHINGOLA","130304"),
("CAV","CAVMONT CAPITAL CORPORATE","130010"),
("CAV","CAVMONT CAPITAL HEAD OFFICE","130000"),
("CAV","CAVMONT CAPITAL KALINGALINGA","130009"),
("CAV","CAVMONT CAPITAL KITWE","130207"),
("CAV","CAVMONT CAPITAL LUSAKA SOUTHEND","130002"),
("CAV","CAVMONT CAPITAL LUSAKA SQUARE","130001"),
("CAV","CAVMONT CAPITAL MAKUMBI","130017"),
("CAV","CAVMONT CAPITAL MANSA","131911"),
("CAV","CAVMONT CAPITAL MBALA","131405"),
("CAV","CAVMONT CAPITAL MPULUNGU","131306"),
("CAV","CAVMONT CAPITAL MUFUMBWE","135416"),
("CAV","CAVMONT CAPITAL NDOLA","130103"),
("CAV","CAVMONT CHIPATA","131114"),
("CAV","CAVMONT GARDEN","130012"),
("CAV","CAVMONT MERCHANT BANK LIMITED","388839"),
("CAV","CAVMONT MERCHANT BANK LIMITED","CVMTZMLU"),
("CAV","CAVMONT MERCHANT BANK LIMITED","CVMTZMLUXXX"),
("CAV","CAVMONT SECURITIES LIMITED","CAVRZML1XXX"),
("CAV","CAVMONT SECURITIES LIMITED","CAVRZML1"),
("CAV","CAVMONT SOLWEZI","132815"),
("CIT","CITIBANK LUSAKA","30001"),
("CIT","CITIBANK ZAMBIA LTD","30003"),
("CIT","CITIBANK ZAMBIA LTD","151753"),
("CIT","CITIBANK ZAMBIA LTD","CITIZMLU"),
("CIT","CITIBANK ZAMBIA LTD","CITIZMLUXXX"),
("DEV","DEVELOPMENT BANK OF ZAMBIA","DEBZZML1XXX"),
("DEV","DEVELOPMENT BANK OF ZAMBIA","DEBZZML1"),
("ECO","ECOBANK CAIRO ROAD","360003"),
("ECO","ECOBANK KITWE","360205"),
("ECO","ECOBANK WOODLANDS","360004"),
("ECO","ECOBANK ZAMBIA","432362"),
("ECO","ECOBANK ZAMBIA","ECOCZMLU"),
("ECO","ECOBANK ZAMBIA","360002"),
("ECO","ECOBANK ZAMBIA","ECOCZMLUXXX"),
("ECO","ECOBANK ZAMBIA HO","360001"),
("FIN","FINANCE BANK KASUMBALESA","110434"),
("FIN","FINANCE BANK ARCADES","110009"),
("FIN","FINANCE BANK CHINGOLA","110315"),
("FIN","FINANCE BANK CHINSALI","111728"),
("FIN","FINANCE BANK CHIPATA","111108"),
("FIN","FINANCE BANK CHIRUNDU","113514"),
("FIN","FINANCE BANK CHOMA","111205"),
("FIN","FINANCE BANK DOWN TOWN","110032"),
("FIN","FINANCE BANK HEAD OFFICE","110000"),
("FIN","FINANCE BANK INDUSTRIAL","110033"),
("FIN","FINANCE BANK ISOKA","111627"),
("FIN","FINANCE BANK KABOMPO","112919"),
("FIN","FINANCE BANK KABWE","110925"),
("FIN","FINANCE BANK KALOMO","114110"),
("FIN","FINANCE BANK KAMWALA","110007"),
("FIN","FINANCE BANK KAOMA","114430"),
("FIN","FINANCE BANK KASAMA","110804"),
("FIN","FINANCE BANK KATETE","111116"),
("FIN","FINANCE BANK KITWE","110203"),
("FIN","FINANCE BANK LIVINGSTONE","111023"),
("FIN","FINANCE BANK LONGACRES","110006"),
("FIN","FINANCE BANK LUANSHYA","110731"),
("FIN","FINANCE BANK LUSAKA CORPORATE","110001"),
("FIN","FINANCE BANK MBALA","111421"),
("FIN","FINANCE BANK MONZE","113724"),
("FIN","FINANCE BANK MPIKA","111826"),
("FIN","FINANCE BANK MPULUNGU","111329"),
("FIN","FINANCE BANK MUFULIRA","110513"),
("FIN","FINANCE BANK MWINILUNGA","112718"),
("FIN","FINANCE BANK NAKONDE","111520"),
("FIN","FINANCE BANK NDOLA CORPORATE","110102"),
("FIN","FINANCE BANK SAMFYA","112012"),
("FIN","FINANCE BANK SERENJE","112211"),
("FIN","FINANCE BANK SESHEKE","113217"),
("FIN","FINANCE BANK SOLWEZI","112822"),
("FIN","FINANCE BANK ZAMBIA LIMITED.","339895"),
("FIN","FINANCE BANK ZAMBIA LIMITED.","ZFBAZMLUXXX"),
("FIN","FINANCE BANK ZAMBIA LIMITED.","ZFBAZML102N"),
("FIN","FINANCE BANK ZAMBIA LIMITED.","ZFBAZMLU"),
("FIR","FIRST ALLIANCE BANK","371580"),
("FIR","FIRST ALLIANCE BANK","FALLZMLU"),
("FIR","FIRST ALLIANCE BANK","FALLZMLUXXX"),
("FIR","FIRST ALLIANCE KITWE","340204"),
("FIR","FIRST ALLIANCE LUSAKA HEAD OFFICE","340005"),
("FIR","FIRST ALLIANCE LUSAKA INDUSTRIAL","340006"),
("FIR","FIRST ALLIANCE LUSAKA MAIN","340001"),
("FIR","FIRST ALLIANCE NDOLA","340103"),
("FIRN","FIRST NATIONAL BANK MANDA HILL","260014"),
("FIRN","FIRST NATIONAL BANK ZAMBIA KTW","260212"),
("FIRN","FIRST NATIONAL BANK ZAMBIA LIMITED","FIRNZMLXXXX"),
("FIRN","FIRST NATIONAL BANK ZAMBIA LIMITED","FIRNZMLX"),
("FIRN","FIRST NATIONAL BANK ZAMBIA LTD","260001"),
("FIRN","FIRST NATIONAL BANK ZAMBIA LTD","260005"),
("FIRN","FIRST NATIONAL BANK ZAMBIA LTD","260002"),
("FIRN","FIRST NATIONAL BANK ZAMBIA LTD","260103"),
("FIRN","FIRST NATIONAL BANK ZAMBIA MAZ","263613"),
("FXA","FX AFRICA","FXAFZML1XXX"),
("FXA","FX AFRICA","FXAFZML1"),
("IND","INDO ZAMBIA BANK","90013"),
("IND","INDO ZAMBIA BRANCH MANDA HILL","90014"),
("IND","INDO ZAMBIA BRANCH NYIMBA","95415"),
("IND","INDO ZAMBIA CHILANGA","90003"),
("IND","INDO ZAMBIA CHINGOLA","90309"),
("IND","INDO ZAMBIA CHIPATA","91112"),
("IND","INDO ZAMBIA HEAD OFFICE","90000"),
("IND","INDO ZAMBIA KABWE","90906"),
("IND","INDO ZAMBIA KAMWALA","90004"),
("IND","INDO ZAMBIA KITWE","90208"),
("IND","INDO ZAMBIA LIVINGSTONE","91010"),
("IND","INDO ZAMBIA LUSAKA INDUSTRIAL","90011"),
("IND","INDO ZAMBIA LUSAKA MAIN","90001"),
("IND","INDO ZAMBIA NDOLA","90107"),
("IND","INDO ZAMBIA NORTHEND","90005"),
("IND","INDO-ZAMBIA BANK","419915"),
("IND","INDO-ZAMBIA BANK","INZAZMLXXXX"),
("IND","INDO-ZAMBIA BANK","INZAZMLX"),
("INTC","INT'L COMMERCIAL BANK ZAMBIA","280000"),
("INTC","INT'L COMMERCIAL BANK ZAMBIA","280001"),
("INT","INTERMARKET BANKING CORP KITWE","150202"),
("INT","INTERMARKET DISCOUNT HOUSE ZAMBIA L","IDHZZMLUXXX"),
("INT","INTERMARKET DISCOUNT HOUSE ZAMBIA L","IDHZZMLU"),
("INT","INTERMARKET HEAD OFFICE","150000"),
("INT","INTERMARKET INDEPENDENCE AVENUE","150003"),
("INT","INTERMARKET LUSAKA","150001"),
("INT","INTERMARKET SECURITIES ZAMBIA LTD","INSZZML1XXX"),
("INT","INTERMARKET SECURITIES ZAMBIA LTD","INSZZML1"),
("INTC","INTERNATIONAL COMMERCIAL BANK ZAMBI","434975"),
("INTC","INTERNATIONAL COMMERCIAL BANK ZAMBI","ICZAZMLU"),
("INTC","INTERNATIONAL COMMERCIAL BANK ZAMBI","ICZAZMLUXXX"),
("INV","INVESTRUST ARCADES","170005"),
("INV","INVESTRUST BANK LTD","VSTRZMLUXXX"),
("INV","INVESTRUST BANK LTD","VSTRZMLU"),
("INV","INVESTRUST BANK PLC","376840"),
("INV","INVESTRUST CHILILABOMBWE","170407"),
("INV","INVESTRUST CHIPATA","171103"),
("INV","INVESTRUST KAFUE ROAD","170014"),
("INV","INVESTRUST KITWE","170202"),
("INV","INVESTRUST LIVINGSTONE","171010"),
("INV","INVESTRUST LUANGWA","171104"),
("INV","INVESTRUST LUMWANA","174809"),
("INV","INVESTRUST LUSAKA","170001"),
("INV","INVESTRUST LUSAKA INDUSTRIAL","170012"),
("INV","INVESTRUST ODY'S BRANCH","170011"),
("INV","INVESTRUST SAVINGS CENTRE","170006"),
("INV","INVESTRUST SOLWEZI","172808"),
("LUS","LUSAKA STOCK EXCHANGE","XLUSZML1XXX"),
("LUS","LUSAKA STOCK EXCHANGE","XLUSZML1"),
("LUSE","LUSE CENTRAL SHARES DEPOSITORY LIMI","LCSDZML1XXX"),
("LUSE","LUSE CENTRAL SHARES DEPOSITORY LIMI","LCSDZML1"),
("MAN","MANIFOLD INVESTMENT BANK LIMITED","MINVZML1XXX"),
("MAN","MANIFOLD INVESTMENT BANK LIMITED","MINVZML1"),
("MER","MERIDIEN BIAO ZAMBIA LTD.","MEZAZML1XXX"),
("MER","MERIDIEN BIAO ZAMBIA LTD.","MEZAZML1"),
("NAT","NATIONAL SAVINGS AND CREDIT BANK OF","NSCBZML1XXX"),
("NAT","NATIONAL SAVINGS AND CREDIT BANK OF","NSCBZML1022"),
("NAT","NATIONAL SAVINGS AND CREDIT BANK OF","NSCBZML1023"),
("NAT","NATIONAL SAVINGS AND CREDIT BANK OF","NSCBZML1024"),
("NAT","NATIONAL SAVINGS AND CREDIT BANK OF","NSCBZML1025"),
("NAT","NATIONAL SAVINGS AND CREDIT BANK OF","NSCBZML1026"),
("NAT","NATIONAL SAVINGS AND CREDIT BANK OF","NSCBZML1027"),
("NAT","NATIONAL SAVINGS AND CREDIT BANK OF","NSCBZML102N"),
("NAT","NATIONAL SAVINGS AND CREDIT BANK OF","NSCBZML1"),
("NEW","NEW CAPITAL BANK PLC","NCBPZML1XXX"),
("NEW","NEW CAPITAL BANK PLC","NCBPZML1"),
("PAN","PANGAEA/EMI SECURITIES LIMITED","PSNIZML1XXX"),
("PAN","PANGAEA/EMI SECURITIES LIMITED","PSNIZML1"),
("STA","STANBIC ARCADES","40010"),
("STA","STANBIC BANK CHIPATA","41116"),
("STA","STANBIC BANK LIVINGSTONE","41017"),
("STA","STANBIC BANK LUMWANA BRANCH","44821"),
("STA","STANBIC BANK ZAMBIA CHOMA","41218"),
("STA","STANBIC BANK ZAMBIA LTD.","41482"),
("STA","STANBIC BANK ZAMBIA LTD.","SBICZML10ZN"),
("STA","STANBIC BANK ZAMBIA LTD.","SBICZML10ZK"),
("STA","STANBIC BANK ZAMBIA LTD.","SBICZMLX"),
("STA","STANBIC BANK ZAMBIA LTD.","SBICZMLXXXX"),
("STA","STANBIC CHINGOLA","40309"),
("STA","STANBIC HEAD OFFICE","40000"),
("STA","STANBIC KITWE","40206"),
("STA","STANBIC LUSAKA","40002"),
("STA","STANBIC LUSAKA INDUSTRIAL","40007"),
("STA","STANBIC MATERO","40011"),
("STA","STANBIC MAZABUKA","43613"),
("STA","STANBIC MKUSHI","42308"),
("STA","STANBIC MUFULIRA","40514"),
("STA","STANBIC MULUNGUSHI","40015"),
("STA","STANBIC NDOLA MAIN","40103"),
("STA","STANBIC NDOLA SOUTH","40105"),
("STA","STANBIC SOLWEZI","42812"),
("STAC","STANCHART BUTEKO","60171"),
("STAC","STANCHART CHILILABOMBWE","60444"),
("STAC","STANCHART CHINGOLA","60336"),
("STAC","STANCHART CHOMA","61237"),
("STAC","STANCHART CROSS ROADS","60015"),
("STAC","STANCHART CUSTOMER SERVICES CENTRE","60002"),
("STAC","STANCHART FINANCIAL CONTROL","60011"),
("STAC","STANCHART KABULONGA","60014"),
("STAC","STANCHART KASAMA","60813"),
("STAC","STANCHART LIVINGSTONE","61018"),
("STAC","STANCHART LUANSHYA","60732"),
("STAC","STANCHART LUSAKA MAIN","60017"),
("STAC","STANCHART MANDA HILL","60030"),
("STAC","STANCHART MAZABUKA","63619"),
("STAC","STANCHART MONGU","63148"),
("STAC","STANCHART NDOLA SOUTH","60120"),
("STAC","STANCHART NORTHEND","60043"),
("STAC","STANCHART SOLWEZI","62816"),
("STAC","STANCHART ZAMBIA WAY","60228"),
("STAC","STANDARD CHARTERED BANK ZAMBIA LTD","371593"),
("STAC","STANDARD CHARTERED BANK ZAMBIA LTD","SCBLZMLXXXX"),
("STAC","STANDARD CHARTERED BANK ZAMBIA LTD","SCBLZMLXSSU"),
("STAC","STANDARD CHARTERED BANK ZAMBIA LTD","SCBLZMLX"),
("STAC","STANDARD CHARTERED BANK ZAMBIA LTD","SCBLZML102N"),
("UNI","UNITED BANK FOR AFRICA CAIRO","370003"),
("UNI","UNITED BANK FOR AFRICA HEADOFFICE","370099"),
("UNI","UNITED BANK FOR AFRICA HO BRANCH","370001"),
("UNI","UNITED BANK FOR AFRICA KAMWALA","370002"),
("UNI","UNITED BANK FOR AFRICA ZAMBIA LIMIT","426748"),
("UNI","UNITED BANK FOR AFRICA ZAMBIA LIMIT","UNAFZMLUXXX"),
("UNI","UNITED BANK FOR AFRICA ZAMBIA LIMIT","UNAFZMLU"),
("UNI","UNITED BANK FOR AFRICA ZAMBIA STAND","422022"),
("ZAM","ZAMBIA EXPORT AND IMPORT BANK LIMIT","ZAEIZML1XXX"),
("ZAM","ZAMBIA EXPORT AND IMPORT BANK LIMIT","ZAEIZML1"),
("ZAMN","ZAMBIA NATIONAL COMMERCIAL","41297"),
("ZAMN","ZAMBIA NATIONAL COMMERCIAL","ZNCOZMLUXXX"),
("ZAMN","ZAMBIA NATIONAL COMMERCIAL","ZNCOZMLU"),
("ZAMN","ZAMBIA NATIONAL COMMERCIAL BANK","10083"),
("ZAMN","ZANACO CHIRUNDU","13582"),
("ZAMN","ZANACO AVONDALE","10073"),
("ZAMN","ZANACO CAIRO BUSINESS CENTRE","10040"),
("ZAMN","ZANACO CHINGOLA","10349"),
("ZAMN","ZANACO CHIPATA","11160"),
("ZAMN","ZANACO CHISAMBA","14508"),
("ZAMN","ZANACO CHOMA","11259"),
("ZAMN","ZANACO DEBT RECOVERY","10055"),
("ZAMN","ZANACO GOVERNMENT BUSINESS CENTRE","10050"),
("ZAMN","ZANACO GOVERNMENT CMPLX","10084"),
("ZAMN","ZANACO HEAD OFFICE","10001"),
("ZAMN","ZANACO HUMAN RESOURCES","10007"),
("ZAMN","ZANACO INTERNATIONAL BANKING","10002"),
("ZAMN","ZANACO ITEZHI TEZHI","14779"),
("ZAMN","ZANACO KABWE","10946"),
("ZAMN","ZANACO KAFUE","13458"),
("ZAMN","ZANACO KAPIRI MPOSHI","12461"),
("ZAMN","ZANACO KASAMA","10862"),
("ZAMN","ZANACO KAWAMBWA","12104"),
("ZAMN","ZANACO KITWE INDUSTRIAL","10256"),
("ZAMN","ZANACO KITWE OBOTE","10245"),
("ZAMN","ZANACO LIVINGSTONE","11044"),
("ZAMN","ZANACO LUANSHYA","10763"),
("ZAMN","ZANACO LUNDAZI","12571"),
("ZAMN","ZANACO LUSAKA BUSINESS CENTRE","10003"),
("ZAMN","ZANACO LUSAKA CENTRE","10052"),
("ZAMN","ZANACO LUSAKA CITY MARKET","10074"),
("ZAMN","ZANACO LUSAKA CIVIC CENTRE","10067"),
("ZAMN","ZANACO LUSAKA KWACHA","10053"),
("ZAMN","ZANACO LUSAKA NORTHEND","10041"),
("ZAMN","ZANACO LUSAKA PREMIUM HOUSE","10066"),
("ZAMN","ZANACO MAAMBA","14070"),
("ZAMN","ZANACO MANDA HILL","10078"),
("ZAMN","ZANACO MANSA","11948"),
("ZAMN","ZANACO MAZABUKA","13647"),
("ZAMN","ZANACO MFUWE","12606"),
("ZAMN","ZANACO MKUSHI","12309"),
("ZAMN","ZANACO MONGU","13151"),
("ZAMN","ZANACO MONZE","13757"),
("ZAMN","ZANACO MPIKA","11865"),
("ZAMN","ZANACO MUFULIRA","10543"),
("ZAMN","ZANACO NAMWALA","13372"),
("ZAMN","ZANACO NDOLA BUSINESS CENTRE","10142"),
("ZAMN","ZANACO NDOLA INDUSTRIAL","10164"),
("ZAMN","ZANACO NDOLA WEST","10154"),
("ZAMN","ZANACO NORTHMEAD","10075"),
("ZAMN","ZANACO PETAUKE","14305"),
("ZAMN","ZANACO SENANGA","15181"),
("ZAMN","ZANACO SIAVONGA","13869"),
("ZAMN","ZANACO SOLWEZI","12868"),
("ZAMN","ZANACO TREASURY","10018"),
("ZAMN","ZANACO WOODLANDS","10085"),
("ZAMN","ZANACO ZACC","10016"),
("ZAMN","ZANACO ZANACO KITWE CLEARING CENTRE","10217");



INSERT INTO hcp_service(HCP_SERVICE_CODE,HCP_DESCRIPTION,HCP_TYPE,ADDRESS,TOWN_GEO_ID,PROVINCE_GEO_ID,POSTAL_CODE_GEO_ID,WORK_PHONE,EMAIL_ADDRESS)
VALUES ("KON","Konkola Copper Mine","Private Clinic",null,"CI-CHIL","PR-COP",null,null,null),
("NCH","Nchanga North Gen  Hospital","Government Hospital",null,"CI-CHIN","PR-COP",null,null,null),
("CHI","Chipata General hospital","Government Hospital",null,"CI-CHIP","PR-EAS",null,null,null),
("CHIH","Chipata Health Care","Private Clinic",null,"CI-CHIP","PR-EAS",null,null,null),
("MWA","Mwami Adventist Mission Hosp","Mission Hospital",null,"CI-CHIP","PR-EAS",null,null,null),
("CHO","Choma General Hospital","Government Hospital",null,"CI-CHOM","PR-SOU",null,null,null),
("DRJ","Dr  Jain Surgery","Private Clinic",null,"CI-CHOM","PR-SOU",null,null,null),
("VEN","Venus Surgery","Private Clinic",null,"CI-CHOM","PR-SOU",null,null,null),
("KAB","Kabwe Mine Hospital","Mine hospital",null,"CI-KAB","PR-CEN",null,null,null),
("MUK","Mukuni Insurance Clinic","Private Clinic",null,"CI-KAB","PR-CEN",null,null,null),
("KAF","Kafue District Hospital","Government",null,"CI-KAF","PR-LUS",null,null,null),
("ZUB","Zubeda Clinic","private",null,"CI-KAF","PR-LUS",null,null,null),
("KAL","Kalulushi General Hospital","Government",null,"CI-KAL","PR-COP",null,null,null),
("KASG","Kasama General Hospital","Government",null,"CI-KAS","PR-NOR",null,null,null),
("KASP","Kasama Private Clinic","Private Clinic",null,"CI-KAS","PR-NOR",null,null,null),
("CAR","Care Well Oasis Medical Serv","Private clinic",null,"CI-KIT","PR-COP",null,null,null),
("HILL","Hillview Medical Clinic","Private Clinic",null,"CI-KIT","PR-COP",null,null,null),
("KIT","Kitwe Central Hospital (PAMSCO)","Government",null,"CI-KIT","PR-COP",null,null,null),
("KITP","Kitwe Polyclinic","Private Clinic",null,"CI-KIT","PR-COP",null,null,null),
("KITS","Kitwe Surgery","Private Clinic",null,"CI-KIT","PR-COP",null,null,null),
("NCHS","Nchanga South","Private Clinic",null,"CI-KIT","PR-COP",null,null,null),
("PRO","Progress Medical Centre","Private Clinic",null,"CI-KIT","PR-COP",null,null,null),
("WUS","Wusakile Mine Hospital","Private Clinic",null,"CI-KIT","PR-COP",null,null,null),
("LIV","Livingstone General hospital","Government",null,"CI-LIV","PR-SOU",null,null,null),
("MEDP","Medprof Limited","Private Clinic",null,"CI-LIV","PR-SOU",null,null,null),
("MUKM","Mukuni Medical Centre","private",null,"CI-LIV","PR-SOU",null,null,null),
("ROY","Royal Professionals","Private Clinic",null,"CI-LIV","PR-SOU",null,null,null),
("LUA","Luanshya Mine Hospital","Private Clinic",null,"CI-LUAN","PR-COP",null,null,null),
("BUM","Bumi Clinic","Mine clinic",null,"CI-LUM","PR-NORW",null,null,null),
("BAB","Baba Medical Centre","Private Clinic",null,"CI-LUS","PR-LUS",null,null,null),
("BEI","Beit Cure International","Private Hospital",null,"CI-LUS","PR-LUS",null,null,null),
("BUP","Bupilo family Health Clinic","Private",null,"CI-LUS","PR-LUS",null,null,null),
("CARE","Care For Business (DiamondPlus Plan)","Private",null,"CI-LUS","PR-LUS",null,null,null),
("COP","Coptic Hospital","Mission Hospital",null,"CI-LUS","PR-LUS",null,null,null),
("COR","Corpmed Medical Centre","Private Clinic",null,"CI-LUS","PR-LUS",null,null,null),
("FAI","Fairview Hospital (DiamondPlus plan)","Private Hospital",null,"CI-LUS","PR-LUS",null,null,null),
("HIL","Hilltop Hospital","Private Hospital",null,"CI-LUS","PR-LUS",null,null,null),
("LAN","Lancet Nkanza Laboratories","Private Laboratory",null,"CI-LUS","PR-LUS",null,null,null),
("LUSA","Lusaka Adventist Clinic","Mission Clinic",null,"CI-LUS","PR-LUS",null,null,null),
("LUS","Lusaka Trust Hospital","Private Hospital",null,"CI-LUS","PR-LUS",null,null,null),
("MAG","Magnum Medical Centre","Private Clinic",null,"CI-LUS","PR-LUS",null,null,null),
("MEDI","Medicross Ltd Medical Clinic","Private Clinic",null,"CI-LUS","PR-LUS",null,null,null),
("MKP","MKP TMS Hospital","Private Hospital",null,"CI-LUS","PR-LUS",null,null,null),
("MUM","Mum's Care Clinic","Private Clinic",null,"CI-LUS","PR-LUS",null,null,null),
("PEA","Pearl of Health Hospital","Private Hospital",null,"CI-LUS","PR-LUS",null,null,null),
("PEN","Pendleton Family Practice","Private Clinic",null,"CI-LUS","PR-LUS",null,null,null),
("PRE","Premium Medical Services ltd","Private Clinic",null,"CI-LUS","PR-LUS",null,null,null),
("RUT","Ruth Kaluluma Memorial Clinic","Private Clinic",null,"CI-LUS","PR-LUS",null,null,null),
("STG","St George’s Clinic","Private Clinic",null,"CI-LUS","PR-LUS",null,null,null),
("STJ","St Johns Medical Centre","Private Hospital",null,"CI-LUS","PR-LUS",null,null,null),
("TEB","Teba Hospital","Private Hospital",null,"CI-LUS","PR-LUS",null,null,null),
("UNI","University teaching Hospital","Government Hospital",null,"CI-LUS","PR-LUS",null,null,null),
("VIC","Victoria hospital","Private Hospital",null,"CI-LUS","PR-LUS",null,null,null),
("VIV","Viva MED Hospital","Private Hospital",null,"CI-LUS","PR-LUS",null,null,null),
("ZAMB","Zambia Italian Orthopedic","Private Hospital",null,"CI-LUS","PR-LUS",null,null,null),
("KAY","Kayo Medical Centre","Private",null,"CI-MAN","PR-LUA",null,null,null),
("MAN","Mansa General hospital","Government Hospital",null,"CI-MAN","PR-LUA",null,null,null),
("JOH","Johnson Medical Clinic","Private Clinic",null,"CI-MAZ","PR-SOU",null,null,null),
("MAZC","Mazabuka Central Medical Clinic","Private Clinic",null,"CI-MAZ","PR-SOU",null,null,null),
("MAZD","Mazabuka District Hospital","Government Hospital",null,"CI-MAZ","PR-SOU",null,null,null),
("TUS","Tusekelemo Community Clinic","Private Clinic",null,"CI-MKU","PR-CEN",null,null,null),
("LEW","Lewanika General Hospital","Government Hospital",null,"CI-MONG","PR-WES",null,null,null),
("ELS","El Shalom Medical Centre","Private",null,"CI-MON","PR-SOU",null,null,null),
("MONC","Monze Clinic","Government Clinic",null,"CI-MON","PR-SOU",null,null,null),
("MONM","Monze Mission Hospital","Government Hospital",null,"CI-MON","PR-SOU",null,null,null),
("ART","Arthur Davison Children hosp","Private Hospital",null,"CI-NDO","PR-COP",null,null,null),
("CHIN","Chinan Clinic","Private Clinic",null,"CI-NDO","PR-COP",null,null,null),
("DRB","Dr  Bhatts Medical Services","Private Clinic",null,"CI-NDO","PR-COP",null,null,null),
("HILH","Hilltop Hospital","Private Hospital",null,"CI-NDO","PR-COP",null,null,null),
("KOP","Kopa Clinic","Private Clinic",null,"CI-NDO","PR-COP",null,null,null),
("MAO","Maongo Medical Clinic","Private Clinic",null,"CI-NDO","PR-COP",null,null,null),
("MAR","MaryBegg Memorial Hospital","Private Hospital",null,"CI-NDO","PR-COP",null,null,null),
("TEL","Telnor Medical centre","Private Clinic",null,"CI-NDO","PR-COP",null,null,null),
("HILP","Hill top","Private",null,"CI-SOL","PR-NORW",null,null,null),
("SOL","Solwez1 General Hospital","Government Hospital",null,"CI-SOL","PR-NORW",null,null,null),
("STJ-SOL","St  John’s Medical Centre","Private",null,"CI-SOL","PR-NORW",null,null,null),
("SUN","Sunbird Opticians","Private",null,"CI-SOL","PR-NORW",null,null,null),
("CHIT","Chitokoloki Mission Hospital","Mission Hospital",null,"CI-ZAM","PR-NORW",null,null,null),
("ZAM","Zambezi General Hospital","Government Hospital",null,"CI-ZAM","PR-NORW",null,null,null),
("KAN","Kano Dental","Private dentists",null,"CI-KIT","PR-COP",null,null,null),
("DEN","Dental Training School","Govt. Institution",null,"CI-LUS","PR-LUS",null,null,null),
("STE","Stelalfie Dental Surgery","Private dentists",null,"CI-LUS","PR-LUS",null,null,null),
("SMI","Smile Medical & Dental Clinic","Private dentists",null,"CI-LUS","PR-LUS",null,null,null),
("DAZ","Dazzling Dental clinic","Private Dentist",null,"CI-LUS","PR-LUS",null,null,null),
("GLO","Global Dental Clinic","Private Dentist",null,"CI-LUS","PR-LUS",null,null,null),
("GOO","Good Eshetics Dental Clinic","Private Dentist",null,"CI-LUS","PR-LUS",null,null,null),
("BEV","Beverley Eye Clinic","Private Opticians",null,"CI-NDO","PR-COP",null,null,null),
("DOU","Double Six Opticians","Private Opticians",null,"CI-LUS","PR-LUS",null,null,null),
("EYE","Eyemax Opticians","Private Opticians",null,"CI-KIT","PR-COP",null,null,null),
("IND","Indafro Limited","Private Opticians",null,"CI-KIT","PR-COP",null,null,null),
("MED","Medicare Opticians","Private Opticians",null,"CI-LUS","PR-LUS",null,null,null),
("PHI","Phil Opticians Limited","Private Opticians",null,"CI-LUS","PR-LUS",null,null,null),
("SUNE","Sunbird Eye Clinic","Private Opticians",null,"CI-LUS","PR-LUS",null,null,null),
("VIS","Vision Care","Private Opticians",null,"CI-LUS","PR-LUS",null,null,null),
("SUN-LP","Sunbird Opticians – Levy Park","Private Opticians",null,"CI-LUS","PR-LUS",null,null,null),
("SUN-LI","Sunbird Opticians - Livingstone","Private Opticians",null,"CI-LIV","PR-SOU",null,null,null),
("SUN-SO","Sunbird Opticians – Solwezi","Private Opticians",null,"CI-SOL","PR-NORW",null,null,null),
("SUN-ND","Sunbird Opticians - Ndola","Private Opticians",null,"CI-NDO","PR-COP",null,null,null),
("SUN-CH","Sunbird Opticians - Choma","Private Opticians",null,"CI-CHOM","PR-SOU",null,null,null),
("SUN-CA","Sunbird Opticians – Cairo road","Private Opticians",null,"CI-CAI","PR-LUS",null,null,null),
("STA","Star Opticians","Private Opticians",null,"CI-LUS","PR-LUS",null,null,null),
("DRA","Dr Agarwal Eye Hospital","Private",null,"CI-LUS","PR-LUS",null,null,null),
("TOK","Tokyo Opticians","Private",null,"CI-LUS","PR-LUS",null,null,null),
("VIK","Vikay Pharmacy Ltd","Private Pharmacist",null,"CI-LUS","PR-LUS",null,null,null),
("LUSC","Lusaka Chemist","Private Pharmacist",null,"CI-LUS","PR-LUS",null,null,null),
("NOR","Northmead Chemist","Private Pharmacist",null,"CI-LUS","PR-LUS",null,null,null);

insert  into `entity_sequence`(`sequence_id`,`sequence_name`,`sequence_number`,`sequence_prefix`) values (1,'com.pla.core.domain.model.agent.Agent',1000,' ');
insert  into `entity_sequence`(`sequence_id`,`sequence_name`,`sequence_number`,`sequence_prefix`) values (2,'com.pla.grouplife.quotation.domain.model.GroupLifeQuotation',1000000,' ');
INSERT INTO `entity_sequence`(`sequence_id`,`sequence_name`,`sequence_number`,`sequence_prefix`) values ('3','com.pla.core.domain.model.plan.Plan',1000,' ');
insert  into `entity_sequence`(`sequence_id`,`sequence_name`,`sequence_number`,`sequence_prefix`) values (4,'com.pla.grouphealth.quotation.domain.model.GroupHealthQuotation',2000000,' ');
insert  into `entity_sequence`(`sequence_id`,`sequence_name`,`sequence_number`,`sequence_prefix`) values (5,'com.pla.individuallife.quotation.domain.model.ILQuotation',3000000,' ');
insert  into `entity_sequence`(`sequence_id`,`sequence_name`,`sequence_number`,`sequence_prefix`) values (6,'com.pla.individuallife.proposal.domain.model.ILProposalAggregate',0,' ');
insert  into `entity_sequence`(`sequence_id`,`sequence_name`,`sequence_number`,`sequence_prefix`) values (7,'com.pla.core.domain.model.Benefit',1000,' ');
insert  into `entity_sequence`(`sequence_id`,`sequence_name`,`sequence_number`,`sequence_prefix`) values (8,'com.pla.core.domain.model.Coverage',1000,' ');
insert  into `entity_sequence`(`sequence_id`,`sequence_name`,`sequence_number`,`sequence_prefix`) values (9,'com.pla.grouplife.proposal.domain.model.GroupLifeProposal',4000000,' ');
insert  into `entity_sequence`(`sequence_id`,`sequence_name`,`sequence_number`,`sequence_prefix`) values (10,'com.pla.grouphealth.proposal.domain.model.GroupHealthProposal',5000000,' ');
insert  into `entity_sequence`(`sequence_id`,`sequence_name`,`sequence_number`,`sequence_prefix`) values (11,'com.pla.grouphealth.policy.domain.model.GroupHealthPolicy',10000000,' ');
insert  into `entity_sequence`(`sequence_id`,`sequence_name`,`sequence_number`,`sequence_prefix`) values (12,'com.pla.grouplife.policy.domain.model.GroupLifePolicy',20000000,' ');
insert  into `entity_sequence`(`sequence_id`,`sequence_name`,`sequence_number`,`sequence_prefix`) values (13,'com.pla.grouplife.sharedresource.model.vo.Insured',100000,' ');
insert  into `entity_sequence`(`sequence_id`,`sequence_name`,`sequence_number`,`sequence_prefix`) values (14,'com.pla.grouphealth.sharedresource.model.vo.GHInsured',100000,' ');
insert  into `entity_sequence`(`sequence_id`,`sequence_name`,`sequence_number`,`sequence_prefix`) values (15,'com.pla.individuallife.policy.domain.model.IndividualLifePolicy',10000000,' ');
insert  into `entity_sequence`(`sequence_id`,`sequence_name`,`sequence_number`,`sequence_prefix`) values (16,'com.pla.grouplife.endorsement.domain.model.GroupLifeEndorsement',10000000,' ');


insert into `channel_type` (`CHANNEL_CODE`, `CHANNEL_DESCRIPTION`) values('BROKER','Broker');
insert into `channel_type` (`CHANNEL_CODE`, `CHANNEL_DESCRIPTION`) values('DIRECT','Direct');
insert into `channel_type` (`CHANNEL_CODE`, `CHANNEL_DESCRIPTION`) values('PERSONAL','Personel Selling');

insert into `region` (`region_code`, `region_name`, `regional_manager`) values('NORTH','North',NULL);
insert into `region` (`region_code`, `region_name`, `regional_manager`) values('SOUTH','South',NULL);


insert into `branch` (`branch_code`, `current_branch_bde`, `current_branch_manager`, `branch_name`) values('N03',NULL,NULL,'Chingola');
insert into `branch` (`branch_code`, `current_branch_bde`, `current_branch_manager`, `branch_name`) values('S02',NULL,NULL,'Chipata');
insert into `branch` (`branch_code`, `current_branch_bde`, `current_branch_manager`, `branch_name`) values('S05',NULL,NULL,'Choma');
insert into `branch` (`branch_code`, `current_branch_bde`, `current_branch_manager`, `branch_name`) values('S03',NULL,NULL,'Kabwe');
insert into `branch` (`branch_code`, `current_branch_bde`, `current_branch_manager`, `branch_name`) values('N05',NULL,NULL,'Kasama');
insert into `branch` (`branch_code`, `current_branch_bde`, `current_branch_manager`, `branch_name`) values('N01',NULL,NULL,'Kitwe');
insert into `branch` (`branch_code`, `current_branch_bde`, `current_branch_manager`, `branch_name`) values('S04',NULL,NULL,'Livingstone');
insert into `branch` (`branch_code`, `current_branch_bde`, `current_branch_manager`, `branch_name`) values('S01',NULL,NULL,'Lusaka');
insert into `branch` (`branch_code`, `current_branch_bde`, `current_branch_manager`, `branch_name`) values('S06',NULL,NULL,'Mazabuka');
insert into `branch` (`branch_code`, `current_branch_bde`, `current_branch_manager`, `branch_name`) values('N02',NULL,NULL,'Ndola');
insert into `branch` (`branch_code`, `current_branch_bde`, `current_branch_manager`, `branch_name`) values('N04',NULL,NULL,'Solwezi');
INSERT INTO `branch` (`branch_code`, `current_branch_bde`, `current_branch_manager`, `branch_name`) VALUES ('S07',NULL,NULL,'Mongu');
INSERT INTO `branch` (`branch_code`, `current_branch_bde`, `current_branch_manager`, `branch_name`) VALUES ('N06',NULL,NULL,'Mansa');;

insert into `region_branch` (`region_code`, `branch_code`) values('North','N03');
insert into `region_branch` (`region_code`, `branch_code`) values('South','S02');
insert into `region_branch` (`region_code`, `branch_code`) values('South','S05');
insert into `region_branch` (`region_code`, `branch_code`) values('South','S03');
insert into `region_branch` (`region_code`, `branch_code`) values('North','N05');
insert into `region_branch` (`region_code`, `branch_code`) values('North','N01');
insert into `region_branch` (`region_code`, `branch_code`) values('South','S04');
insert into `region_branch` (`region_code`, `branch_code`) values('South','S01');
insert into `region_branch` (`region_code`, `branch_code`) values('South','S06');
insert into `region_branch` (`region_code`, `branch_code`) values('North','N02');
insert into `region_branch` (`region_code`, `branch_code`) values('North','N04');

insert into `region_branch` (`region_code`, `branch_code`) values ('South','S07');
insert into `region_branch` (`region_code`, `branch_code`) values ('North','N06');


/*Data for the table `occupation_class` */

insert  into `occupation_class`(`code`,`description`)
values ('A','Accountants'),('A','Actuaries'),('A','Advocates'),('A','Architects'),('A','Attorneys'),
('A','Bankers, Bank Clerks'),('A','Broker (shares)'),
('A','Business managers and Proprietors (admin only)'),
('A','Business secretaries'),('A','Buyers (Other)'),
('A','Chemist (Pharmaceutical and analytical)'),('A','Clergymen'),
('A','Clerks (no manual work)'),('A','Company Directors (admin. or executive Duties only)'),
('A','Company Directors (other Duties as well) RATAO'),('A','Computer Programmers & Analysts'),
('A','Dentists'),('A','Draughtsmen'),('A','Engineers (Professionally qualified)'),
('A','Factory Managers (admin only)'),('A','Geologists'),('A','Housewives'),
('A','Journalists (other)'),('A','Lecturers'),('A','Librarians'),('A','Medical Practitioners'),
('A','Opticians'),('A','Quantity surveyors'),('A','Radio announcers'),('A','Radiologists'),
('A','Raliway Clerical'),('A','Surface Workers (Clerical only)'),('A','Surgeons'),
('A','Teachers (Professionally qualified)'),('A','Travel Agents'),('A','Veterinary surgeons'),
('B','Advertising agents'),('B','Auctioneers'),('B','Bakers'),('B','Barbers'),
('B','Brewery Employees (administrative)'),('B','Building contractors (supervising only)'),
('B','Butcher (supervising only)'),('B','Buyers (industrial)'),('B','Chefs'),('B','Chemist (Others)'),
('B','Cinema projectionists'),('B','Clerks of works'),('B','Commercial Artists'),
('B','Computer Operators & Technicians'),('B','Customs officers'),('B','Dental mechanics'),
('B','Diamond cutters or polishers'),('B','Engineers (other) IC Reporters'),('B','Engravers'),
('B','Estate agents'),('B','Florists'),('B','Foremen (supervisory only)'),('B','Foresters'),
('B','General Dealers'),('B','Hairdressers'),('B','Horticulturists and nurserymen'),
('B','Hoteliers (never serving in bar)'),('B','Inspectors (health, land meter, stock)'),
('B','Instrument technicians'),('B','Interior Decorators'),('B','Journalists (reporters)'),
('B','Laboratory Assistants'),('B','Land Surveyors'),('B','Lithographers'),('B','Master builders (supervising)'),
('B','Medical Technologists'),('B','Nurses'),('B','Officers (Defence forces )'),('B','Officers (not naval)'),
('B','Optical mechanics'),('B','Painters (houses & industrial other Shop assistants'),('B','Photographers (studio)'),
('B','Physicists'),('B','Pilots (scheduled airlines)'),('B','Representatives (manufacturers, insurance Jewellers )'),
('B','Salesmen (not travelling, not motor salesmen)'),('B','Sign writers'),('B','Station '),('B','Store men'),
('B','Tailors'),('B','Telephonists'),('B','Undertakers'),('B','Watchmakers or repairers'),('C','Ambulance Drivers'),
('C','Bus Conductors'),('C','Bus Drivers'),('C','Cabinet makers'),('C','Chauffeurs'),
('C','Commercial Travellers (on liquor)'),('C','Compositors'),('C','Electrician (other)'),
('C','Foreman (no shunting)'),('C','Gunsmith s'),('C','Hoteliers (other)'),('C','Joiners'),
('C','Linotype operators'),('C','Mechanics (motor & tractor)'),('C','Metallurgists'),('C','Motor salesmen'),
('C','Other aircrew (scheduled airlines)'),('C','Photographers (other except aerial)'),('C','Postmen'),
('C','Printers (other)'),('C','Raliway Signalmen'),('C','Raliway Ticket examiners'),('C','Salesmen (other)'),
('C','Tanners'),('C','Telephone Technicians'),('C','Television Technicians'),('C','than spray painters)'),
('C','Tilers (other)'),('C','Upholsters'),('D','Barmen'),('D','Blacksmiths'),('D','Block men'),('D','Boiler Attendants'),
('D','Boilermakers'),('D','Bricklayer'),('D','Butcher (Other)'),('D','Carpenters'),('D','Crane Drivers'),
('D','Electricians (working at heights and or high voltages)'),('D','Explosive workers'),('D','Fitters and turners'),
('D','Lorry Drivers'),('D','Other crew (not Naval)'),('D','Panel beaters'),('D','Pilots and Aircrew (Defence forces )'),
('D','Plant operators'),('D','Plumbers'),('D','Police(ranks lower than section officers)'),('D','Printers (operators)'),
('D','Raliway Stokers'),('D','Sheet Metal Workers'),('D','Smelters'),('D','Station '),('D','Stonemasons'),('D','Taxi '),
('D','Tilers (roof)'),('D','Tool and Die Makers'),('D','Traffic Police'),('D','Train Drivers'),
('D','Underground workers (light occupations- Mines)'),('D','Wagon & Carriage examiners'),('D','Workers on open '),
('E','Blasters'),('E','Bulldozers Drivers'),('E','Divers (Qualified professionals)'),('E','Firemen (fire fighting)'),
('E','Raliway Shunters'),('E','Spray painters'),('E','Trawlers (all crew members- Not Naval)'),
('E','Underground workers (heavy occupations- Mines)'),('IC','Brewery Employees');


/*Data for the table `document` */

INSERT INTO `document` (`document_code`, `document_name`, `is_provided`)
VALUES('ACTIVE_AT_WORK_DECLARATION_FORM','Active At Work Declaration Form','No'),
('ADDRESS_PROOF','Address Proof','No'),
('ANY_CLINICAL_ABSTRACTS_RECORDS_IF_AVAILABLE','Any clinical abstracts/records if available','No'),
('BROUGHT_IN_DEAD_(BID)_CERTIFICATE','Brought in dead (BID) certificate','No'),
('BURIAL_CERTIFICATE','Burial Certificate','No'),
('CERTIFICATE_OF_REGISTRATION_OF_DEATH','Certificate of Registration of Death','No'),
('CERTIFIED_COPY_OF_NATIONAL_REGISTRATION_CARD/ID','Certified copy of National Registration Card/ID','No'),
('CONSENT_LETTER','Consent Letter','No'),
('CORONERS_REPORT','Coroner\'s Report','No'),
('DEATH_CERTIFICATE','Death Certificate','No'),
('ELECTROCARDIOGRAM_EFFORT_(ECG)','Electrocardiogram,  Effort (ECG)','Yes'),
('ELECTROCARDIOGRAM_RESTING_(ECG)','Electrocardiogram, Resting (ECG)','Yes'),
('FULLY_FILLED_MATURITY_CLAIM_FORM','Fully filled Maturity Claim Form','No'),
('FULLY_FILLED_SURRENDER_CLAIM_FORM','Fully filled Surrender Claim Form','No'),
('FULLY_FILLED__CLAIM_FORM','Fully filled  Claim Form','No'),
('FULL_BLOOD_COUNT','Full Blood Count','Yes'),
('GLYCOSYLATED_HEMOGLOBIN_(HBA1C)','Glycosylated Hemoglobin (HBA1C)','Yes'),
('HIV_TEST','HIV Test','Yes'),
('ID_PROOF','ID Proof','No'),
('LETTER_FROM_THE_VILLAGE_CHIEF','Letter from the Village Chief','No'),
('LIVER_FUNCTION_TEST(WHICH_INCLUDES_GGT_AST_AND_ALT)','Liver Function Test(which includes GGT, AST and ALT)','Yes'),
('MEDICAL_CERTIFICATE_OF_CAUSE_OF_DEATH','Medical Certificate of cause of death','No'),
('MEDICAL_REPORT_SIGNED_BY_DOCTOR_FROM_REGISTERED_HOSPITALS_OR_CLINICS_UNDER_THE_MINISTRY_OF_HEALTH_ONLY','Medical Report signed by Doctor from registered hospitals or clinics under the Ministry of Health only','No'),
('ORIGINAL_POLICY_DOCUMENT_&_SCHEDULE','Original Policy Document & Schedule','No'),
('POLICE_REPORT_(FOR_ACCIDENT_CASES)','Police Report (for accident cases)','No'),
('PROSTATE_SPECIFIC_ANTIGEN_(PSA)','Prostate Specific Antigen (PSA)','Yes'),
('RANDOM_BLOOD_SERUM_CHOLESTEROL_(RBSC)','Random Blood Serum Cholesterol (RBSC)','Yes'),
('RANDOM_GLUCOSE_TEST_(RBS)','Random Glucose Test (RBS)','Yes'),
('SIGNED_AGREEMENT','Signed Agreement','No'),
('SIGNED_PROPOSAL_FORM','Signed Proposal Form','No'),
('UREA_AND_CREATININE_TEST','Urea and Creatinine Test','Yes');

INSERT INTO `endorsement_type`(`description`,`category`) VALUES ('Correction of Life Assured Name','INDIVIDUAL');
INSERT INTO `endorsement_type`(`description`,`category`) VALUES ('Correction of Policyholder Name','INDIVIDUAL');
INSERT INTO `endorsement_type`(`description`,`category`) VALUES ('Correction Life Assured - Gender','INDIVIDUAL');
INSERT INTO `endorsement_type`(`description`,`category`) VALUES ('Correction Policyholder - Gender','INDIVIDUAL');
INSERT INTO `endorsement_type`(`description`,`category`) VALUES ('Change of Contact Details- Life Assured','INDIVIDUAL');
INSERT INTO `endorsement_type`(`description`,`category`) VALUES ('Change of Contact Details-Policyholder','INDIVIDUAL');
INSERT INTO `endorsement_type`(`description`,`category`) VALUES ('Change/Add Beneficiary','INDIVIDUAL');
INSERT INTO `endorsement_type`(`description`,`category`) VALUES ('Change method of payment','INDIVIDUAL');
INSERT INTO `endorsement_type`(`description`,`category`) VALUES ('Change Agent','INDIVIDUAL');
INSERT INTO `endorsement_type`(`description`,`category`) VALUES ('Change Payer','INDIVIDUAL');
INSERT INTO `endorsement_type`(`description`,`category`) VALUES ('Change Sum Assured ','INDIVIDUAL');
INSERT INTO `endorsement_type`(`description`,`category`) VALUES ('Change Life Assured Date of Birth','INDIVIDUAL');
INSERT INTO `endorsement_type`(`description`,`category`) VALUES ('Change Policyholder Date of Birth','INDIVIDUAL');
INSERT INTO `endorsement_type`(`description`,`category`) VALUES ('Correction of NRC - Life Assured','INDIVIDUAL');
INSERT INTO `endorsement_type`(`description`,`category`) VALUES ('Correction of NRC-Policyholder','INDIVIDUAL');
INSERT INTO `endorsement_type`(`description`,`category`) VALUES ('Premium Adjustment','INDIVIDUAL');

INSERT INTO `endorsement_type`(`description`,`category`) VALUES ('Correction of Name-Policyholder','GROUP');
INSERT INTO `endorsement_type`(`description`,`category`) VALUES ('Correction Of Name - Life Assured','GROUP');
INSERT INTO `endorsement_type`(`description`,`category`) VALUES ('Change of Address','GROUP');
INSERT INTO `endorsement_type`(`description`,`category`) VALUES ('Change Sum Assured ','GROUP');
INSERT INTO `endorsement_type`(`description`,`category`) VALUES ('Change Life Assured Date of Birth','GROUP');
INSERT INTO `endorsement_type`(`description`,`category`) VALUES ('Correction Life Assured - NRC','GROUP');
INSERT INTO `endorsement_type`(`description`,`category`) VALUES ('Correction Life Assured-MAN Number','GROUP');
INSERT INTO `endorsement_type`(`description`,`category`) VALUES ('Correction Life Assured - Gender','GROUP');
INSERT INTO `endorsement_type`(`description`,`category`) VALUES ('Member Addition','GROUP');
INSERT INTO `endorsement_type`(`description`,`category`) VALUES ('Member Deletion','GROUP');
INSERT INTO `endorsement_type`(`description`,`category`) VALUES ('Promotion','GROUP');
INSERT INTO `endorsement_type`(`description`,`category`) VALUES ('Introduction of New category','GROUP');
INSERT INTO `endorsement_type`(`description`,`category`) VALUES ('Premium Adjustment','GROUP');
INSERT INTO `endorsement_type`(`description`,`category`) VALUES ('Change Agent','GROUP');
INSERT INTO `endorsement_type`(`description`,`category`) VALUES ('Change Inception Date','GROUP');


INSERT INTO `employment_type`(`code`,`description`) values('1','Permanent');
INSERT INTO `employment_type`(`code`,`description`) values('2','Temporary');

INSERT INTO `agent` (`agent_id`, `designation_code`, `designation_name`, `employee_id`, `first_name`, `last_name`, `nrc_number`, `title`, `training_complete_on`, `agent_status`, `channel_code`, `channel_name`, `address_line1`, `address_line2`, `email`, `city`, `postal_code`, `province`, `home_phone_number`, `mobile_number`, `work_phone_number`, `license_number`, `override_commission_applicable`, `physical_address_line1`, `physical_address_line2`, `physical_address_city`, `physical_address_postal_code`, `physical_address_province`, `team_id`) VALUES('000000','Direct','Direct',NULL,'DirectF','DirectL',NULL,NULL,NULL,'ACTIVE','DIRECT','Direct',NULL,NULL,NULL,NULL,NULL,NULL,NULL,NULL,NULL,NULL,NULL,NULL,NULL,NULL,NULL,NULL,NULL);
insert  into `industry`(`industry_id`,`industry_name`,`risk_class`,`industry_factor`) values ('1','Mining',3,1.3000),('2','Agriculture',2,1.2000),('3','Financial Services',1,0.9000),('4','Government and Parastatals',2,1.2000),('5','Retail/Wholesale Trade',1,0.9000),('6','Medical',2,1.2000),('7','Travel,Communication and Public Utilities',3,1.3000),('8','Construction and Manufacturing',3,1.3000),('9','Others',0,1.0000);